Category,Statements
Clean Water and Sanitation Projects,"""Our community lacks access to clean and safe drinking water sources, leading to waterborne diseases and health concerns among residents, especially children and the elderly."""
,"""The river that serves as our primary water source is polluted with industrial waste, agricultural runoff, and untreated sewage, posing serious health risks and environmental degradation."""
,"""There are insufficient toilets and sanitation facilities in our village/settlement, forcing residents to practice open defecation and leading to sanitation-related diseases and hygiene issues.'"
,"""Many community members lack knowledge and awareness about proper hygiene practices, sanitation, and water conservation, contributing to the spread of diseases and preventable health issues."""
,"""Rapid urbanization and inadequate water infrastructure in our city/town are straining water resources and sanitation services, leading to water shortages, pollution, and public health concerns."""
,"""Industrial activities in our area are contaminating local water sources with toxic chemicals, heavy metals, and pollutants, threatening human health, aquatic ecosystems, and agricultural productivity."""
,"""I've noticed that there aren't enough public toilets in our area, especially for women and children. It's challenging, especially during busy times or emergencies. We really need more facilities to maintain hygiene and dignity in our community."""
,"""Our local river filled with plastic bags, bottles, and other garbage. It's harming our environment and endangering aquatic life. Does anyone know how we can work together to clean up and prevent this pollution?"""
,"""We have a drought in our village and it is getting worse. Our wells are running dry, and we're struggling to get enough water for drinking and daily needs. It's getting really tough, especially for families with young kids and elderly"" relatives. Any ideas on how we can conserve water or find alternative sources?"
,"""Kids in our community falling sick with stomach bugs and diarrhea. I'm worried that our water source might be contaminated, and we need to do something about it before more people get sick. Can we come together to test the water and find a solution?"""
,"""Our community well has been acting up lately, and the water pressure is really low. It's affecting everyone's access to clean water, and we're worried it might stop working altogether."""
,"""With heavy rains becoming more frequent, our streets are flooding, and sewage is backing up into our homes. It's not just inconvenient; it's a health hazard too."""
,"""There's been another chemical spill from the nearby factory, and I'm worried it's seeping into our groundwater. We can't risk drinking contaminated water or letting our kids play outside."""
,"""As a woman, I spend hours each day fetching water from distant sources, leaving me with little time for other activities or opportunities. It's exhausting and unfair that women bear the burden of water collection while men have more freedom. We need gender-equitable solutions to ensure equal access to water for everyone."""
,"""Living near industrial sites, I'm concerned about the toxic chemicals and pollutants contaminating our groundwater and wells. It's scary to think about the long-term health effects of drinking contaminated water. We need stricter regulations and pollution control measures to safeguard our water sources."""
,"""Sewage keeps overflowing onto our streets and into our homes whenever it rains. It's a health hazard and a disgrace to our community. We need better sewage systems and drainage infrastructure to prevent flooding and protect our environment."""
,"""As a mother, I'm worried about the health of my children, who often suffer from waterborne illnesses due to poor water quality. It's heartbreaking to see them sick and suffering because of contaminated water sources. We need access to clean water and proper sanitation to protect our families' health."""
,"""I've noticed plastic waste clogging up our local river, affecting wildlife and polluting our drinking water. It's heartbreaking to see our beautiful environment being destroyed by irresponsible waste disposal. We need to come together to clean up our waterways and reduce plastic pollution."""
,"""Lack of hygiene education contributes to the spread of preventable diseases in our community, highlighting the need for awareness and education."""
,"""The threat of water privatization looms large, potentially limiting access to clean water for everyone in our community."""
,"""Inadequate sanitation facilities in our area pose significant challenges to maintaining hygiene and public health."""
,"""Water scarcity is a constant struggle in our community, making it difficult to meet our daily needs and maintain hygiene standards."""
,"""Access to clean water is scarce in our village, forcing us to rely on contaminated sources and risking our health every day.""
"
,"""Poor drainage systems lead to frequent flooding in our community, causing damage to property and disrupting daily life."""
,"""The absence of sustainable water management practices jeopardizes the long-term viability of our community."""
,
Road Fixing / Laying,"""Our neighborhood roads are riddled with potholes, causing damage to vehicles and posing safety risks to pedestrians. We urgently need repairs to ensure smooth and safe travel."""
,"""Roads in our industrial area are unable to withstand the heavy traffic from trucks and machinery, leading to frequent breakdowns and delays. Strengthening and widening these roads is essential for the smooth operation of businesses.""
"
,"""The lack of regular maintenance has resulted in cracks and erosion on our roads, making them unsafe for travel. Can we schedule routine maintenance to prevent further deterioration?"""
,"""The lack of sidewalks and pedestrian crossings makes it unsafe for pedestrians to walk in our community, forcing them to share the road with vehicles. We need pedestrian-friendly infrastructure to promote walking and ensure pedestrian safety."""
,"""The absence of designated bicycle lanes on our roads puts cyclists at risk of accidents and discourages active transportation. We need bike-friendly infrastructure to promote sustainable mobility."""
,"""Construction work on our streets has been ongoing for months, causing traffic congestion and inconvenience to residents. When will the work be completed, and can measures be taken to minimize disruptions?"""
,"""Roads leading to our agricultural fields are inadequate for transporting produce to markets, affecting farmers' livelihoods. Upgrading rural roads would support agricultural development and improve farmers' access to markets."""
,"""The lack of public transportation options in our rural area isolates residents and limits access to essential services. Improving public transportation networks and routes would enhance mobility and connectivity."""
,"""The lack of accessibility ramps and sidewalks makes it challenging for people with disabilities to navigate our community. Implementing accessibility features would promote inclusivity and equal access for all residents."""
,"""Roads in our area are poorly lit at night, increasing the risk of accidents and crime. Installing streetlights would not only improve visibility but also enhance safety for everyone in the community."""
,"""Roads in our neighborhood are prone to subsidence and sinkholes due to underground water leaks and poor drainage. Addressing underground infrastructure issues is necessary to prevent road damage and hazards."""
,"""School zones lack adequate safety measures like speed limits and crossing guards, putting children's safety at risk during drop-off and pick-up times. Enhancing safety measures around schools is a priority."""
,"""The absence of proper road maintenance results in frequent breakdowns and vehicle damage, increasing transportation costs for residents. Prioritizing road maintenance would alleviate financial burdens on the community."""
,"""The lack of proper road markings and signage in our community leads to confusion and accidents, especially at intersections and crossings. We need better signage and traffic management to improve road safety."""
,"""Roads in our neighborhood are poorly lit at night, posing safety concerns for pedestrians and cyclists. Installing LED streetlights would improve visibility and enhance security."""
,"""The narrow width of our roads restricts traffic flow and leads to bottlenecks, especially during peak hours. Widening roads and creating additional lanes would improve traffic circulation and reduce congestion."""
,"""The condition of roads leading to our schools is deteriorating, making it challenging for students and teachers to travel safely. Investing in road repairs and maintenance is crucial to ensure the well-being of our children and the quality of education."""
,"""Roads in our area are uneven and poorly maintained, causing discomfort and potential damage to vehicles. Smoothing out road surfaces would improve driving conditions."""
,"""The proliferation of unauthorized speed bumps on residential streets poses a hazard to drivers and damages vehicles. Proper planning and installation of speed bumps are necessary to ensure safety and compliance with regulations.""
"
,"""Roads near our local markets experience heavy congestion and gridlock, hindering commerce and access to businesses."""
,"""Our rural roads are often impassable during the rainy season, cutting off access to essential services like healthcare and education. We need all-weather roads that can withstand heavy rainfall and ensure connectivity year-round.""
"
,"""Roads in our community are susceptible to landslides and erosion during heavy rainfall, endangering lives and property. Implementing slope stabilization measures is critical to mitigating these risks."""
,"""Our community's roads are prone to flooding during heavy rains, causing waterlogging and damage to property. We need proper drainage systems to address this recurring issue."""
,"""The expansion of our community has outpaced road infrastructure development, resulting in traffic jams and delays. Building new roads or widening existing ones would accommodate growth."""
,"""The lack of road maintenance exacerbates dust pollution in our neighborhood, affecting air quality and residents' health. Dust suppression measures are needed to address this environmental concern."""
,"""Our community's roads are impassable for emergency vehicles during floods and disasters, hampering rescue and relief efforts. Ensuring emergency access routes are clear and maintained is crucial for disaster preparedness."""
,"""The main road connecting our town to nearby areas is in a dire state, with cracks and uneven surfaces making it difficult to navigate. It's affecting businesses and hindering economic growth. Can we get some attention from authorities?"""
,"""The absence of proper road dividers and lane markings leads to chaotic traffic and increased accident rates. Enhancing road markings and installing dividers would improve traffic flow and safety."""
,"""Roads in our area are prone to frequent accidents due to blind spots and inadequate signage. Improving visibility and installing warning signs would help prevent accidents and save lives."""